job_key,employer_id,employer_name,first_seen_at,last_seen_at,company,title,city,province,workplace_type,likely_level,minimum_experience_years,maximum_experience_years,audit_evidence,application_url
successfactors:discovery:1415171133,discovery,Discovery,2026-08-08 19:57:22.760851+00:00,2026-08-20 20:46:43.941771+00:00,Discovery,Android Developer - Talent Pool,Johannesburg,Gauteng,unspecified,ambiguous,2,,description: 3+ Year | description: 2+ years | description: 3+ years,https://careers.discovery.co.za/job/Sandton-1-Discovery-Place-Android-Developer-Talent-Pool-GP-2196/1415171133/
successfactors:discovery:1229974801,discovery,Discovery,2026-08-08 19:57:22.760851+00:00,2026-08-20 20:46:43.941771+00:00,Discovery,Business Analyst (Talent Pool),Johannesburg,Gauteng,on_site,ambiguous,,,,https://careers.discovery.co.za/job/Sandton-1-Discovery-Place-Business-Analyst-%28Talent-Pool%29-Gaut/1229974801/
successfactors:discovery:1420228633,discovery,Discovery,2026-08-08 19:57:22.760851+00:00,2026-08-20 20:46:43.941771+00:00,Discovery,Data Scientist,Johannesburg,Gauteng,unspecified,ambiguous,,,,https://careers.discovery.co.za/job/Sandton-1-Discovery-Place-Data-Scientist-GP-2196/1420228633/
successfactors:discovery:1405847533,discovery,Discovery,2026-08-08 19:57:22.760851+00:00,2026-08-20 20:46:43.941771+00:00,Discovery,Machine Learning Engineer,Johannesburg,Gauteng,unspecified,ambiguous,1,3,description: 1-3 years,https://careers.discovery.co.za/job/Sandton-1-Discovery-Place-Machine-Learning-Engineer-GP-2196/1405847533/
successfactors:discovery:1415185133,discovery,Discovery,2026-08-08 19:57:22.760851+00:00,2026-08-09 20:52:02.174881+00:00,Discovery,iOS Developer - Talent Pool,Johannesburg,Gauteng,unspecified,ambiguous,2,,description: 2+ years,https://careers.discovery.co.za/job/Sandton-1-Discovery-Place-iOS-Developer-Talent-Pool-GP-2196/1415185133/
greenhouse:impact:8583462002,impact-com,impact.com,2026-08-08 19:57:22.760851+00:00,2026-08-20 20:46:43.941771+00:00,Impact.com,GenAI Engineer - Product Marketing & Adoption,Cape Town,Western Cape,hybrid,ambiguous,1,,description: At least 1 year,https://job-boards.greenhouse.io/impact/jobs/8583462002
greenhouse:impact:8547183002,impact-com,impact.com,2026-08-12 13:47:30.585452+00:00,2026-08-20 20:46:43.941771+00:00,Impact.com,Platform Engineer,Cape Town,Western Cape,unspecified,ambiguous,1,,description: 2+ years | description: 1+ year,https://job-boards.greenhouse.io/impact/jobs/8547183002
greenhouse:impact:8413160002,impact-com,impact.com,2026-08-08 19:57:22.760851+00:00,2026-08-20 20:46:43.941771+00:00,Impact.com,QA Engineer,Cape Town,Western Cape,unspecified,ambiguous,,,,https://job-boards.greenhouse.io/impact/jobs/8413160002
greenhouse:impact:6256610002,impact-com,impact.com,2026-08-08 19:57:22.760851+00:00,2026-08-20 20:46:43.941771+00:00,Impact.com,Software Quality Engineer (Java using Selenium),Cape Town,Western Cape,hybrid,ambiguous,2,,description: At least 3 years | description: At least 2 years,https://job-boards.greenhouse.io/impact/jobs/6256610002
greenhouse:luno:7791584,luno,Luno,2026-08-08 19:57:22.760851+00:00,2026-08-20 20:46:43.941771+00:00,Luno,Backend Engineer,,,remote,ambiguous,,,,https://job-boards.greenhouse.io/luno/jobs/7791584
successfactors:nedbank:1414290033,nedbank,Nedbank,2026-08-08 19:57:22.760851+00:00,2026-08-20 20:46:43.941771+00:00,Nedbank,Title: IDM Data Engineer,Johannesburg,Gauteng,unspecified,ambiguous,,,,https://jobs.nedbank.co.za/job/Johannesburg-IDM-Data-Engineer/1414290033/
greenhouse:takealotgroup:8030183,takealot-group,Takealot Group,2026-08-08 19:57:22.760851+00:00,2026-08-20 20:46:43.941771+00:00,Takealot Group,Zendesk Platform Software Engineer,Cape Town,Western Cape,hybrid,ambiguous,2,4,description: 2–4 years,https://job-boards.greenhouse.io/takealotgroup/jobs/8030183
lever:theodo:31633ba7-be82-4389-9eec-f045bf258bf8,theodo,Theodo,2026-08-08 20:26:29.505671+00:00,2026-08-20 20:46:43.941771+00:00,Theodo,Full Stack Software Engineer - Cape Town,Cape Town,Western Cape,hybrid,ambiguous,,,,https://jobs.lever.co/theodo/31633ba7-be82-4389-9eec-f045bf258bf8/apply
lever:Yassir:37980bd7-7725-41a9-8b88-8f3f9513cd7b,yassir,Yassir,2026-08-08 19:57:22.760851+00:00,2026-08-20 20:46:43.941771+00:00,Yassir,Data Scientist,Cape Town,Western Cape,hybrid,ambiguous,,,,https://jobs.lever.co/Yassir/37980bd7-7725-41a9-8b88-8f3f9513cd7b/apply
lever:Yassir:9caf7e04-195a-4011-9b55-e1105615c0a2,yassir,Yassir,2026-08-08 19:57:22.760851+00:00,2026-08-20 20:46:43.941771+00:00,Yassir,Data Scientist (Pricing),Cape Town,Western Cape,hybrid,ambiguous,2,,description: at least 2 years,https://jobs.lever.co/Yassir/9caf7e04-195a-4011-9b55-e1105615c0a2/apply
greenhouse:bashdotcom:4931364101,tfg,TFG,2026-08-08 19:57:22.760851+00:00,2026-08-14 13:43:24.336749+00:00,Bash,Intermediate Software Engineer - GoLang (Supply Chain),Cape Town,Western Cape,unspecified,likely_mid_level,3,,description: 3+ years,https://job-boards.eu.greenhouse.io/bashdotcom/jobs/4931364101
greenhouse:bashdotcom:4953791101,tfg,TFG,2026-08-19 13:08:59.669746+00:00,2026-08-20 20:46:43.941771+00:00,Bash,Software Engineer - GoLang (OmniComm),Cape Town,Western Cape,unspecified,likely_mid_level,3,,description: 3+ years,https://job-boards.eu.greenhouse.io/bashdotcom/jobs/4953791101
successfactors:discovery:1420260433,discovery,Discovery,2026-08-08 19:57:22.760851+00:00,2026-08-20 20:46:43.941771+00:00,Discovery,Data Scientist,Johannesburg,Gauteng,unspecified,likely_mid_level,3,,description: 3+ years,https://careers.discovery.co.za/job/Sandton-1-Discovery-Place-Data-Scientist-GP-2196/1420260433/
successfactors:discovery:1396411033,discovery,Discovery,2026-08-12 13:47:30.585452+00:00,2026-08-20 20:46:43.941771+00:00,Discovery,Developer,Johannesburg,Gauteng,unspecified,likely_mid_level,3,,description: minimum 5 years | description: Minimum 5 years | description: Minimum 3 years,https://careers.discovery.co.za/job/Sandton-1-Discovery-Place-Developer-GP-2196/1396411033/
successfactors:discovery:1284345001,discovery,Discovery,2026-08-08 19:57:22.760851+00:00,2026-08-20 20:46:43.941771+00:00,Discovery,Java Developer,Johannesburg,Gauteng,unspecified,likely_mid_level,4,5,description: 4-5 years,https://careers.discovery.co.za/job/Sandton-1-Discovery-Place-Java-Developer-Gaut/1284345001/
successfactors:discovery:1426947133,discovery,Discovery,2026-08-18 04:52:58.094208+00:00,2026-08-20 20:46:43.941771+00:00,Discovery,Java Developer (Intermediate),Johannesburg,Gauteng,unspecified,likely_mid_level,3,,description: Minimum 3 years,https://careers.discovery.co.za/job/Sandton-1-Discovery-Place-Java-Developer-%28Intermediate%29-GP-2196/1426947133/
greenhouse:impact:8636461002,impact-com,impact.com,2026-08-08 19:57:22.760851+00:00,2026-08-20 20:46:43.941771+00:00,Impact.com,Android Developer,Cape Town,Western Cape,unspecified,likely_mid_level,3,,description: 3+ years,https://job-boards.greenhouse.io/impact/jobs/8636461002
greenhouse:impact:8636502002,impact-com,impact.com,2026-08-08 19:57:22.760851+00:00,2026-08-20 20:46:43.941771+00:00,Impact.com,Email & Marketing Automation Developer,Cape Town,Western Cape,unspecified,likely_mid_level,3,5,description: 3–5 years of experience,https://job-boards.greenhouse.io/impact/jobs/8636502002
greenhouse:impact:8545895002,impact-com,impact.com,2026-08-08 19:57:22.760851+00:00,2026-08-20 20:46:43.941771+00:00,Impact.com,Site Reliability Engineer,Cape Town,Western Cape,unspecified,likely_mid_level,3,,description: 3+ years,https://job-boards.greenhouse.io/impact/jobs/8545895002
greenhouse:impact:8225665002,impact-com,impact.com,2026-08-08 19:57:22.760851+00:00,2026-08-20 20:46:43.941771+00:00,Impact.com,Software engineer,Cape Town,Western Cape,hybrid,likely_mid_level,4,,description: 4 + years,https://job-boards.greenhouse.io/impact/jobs/8225665002
successfactors:nedbank:1366577033,nedbank,Nedbank,2026-08-08 19:57:22.760851+00:00,2026-08-20 20:46:43.941771+00:00,Nedbank,Title: ACE Software Developer,Johannesburg,Gauteng,unspecified,likely_mid_level,3,,description: Min 3 years,https://jobs.nedbank.co.za/job/Johannesburg-ACE-Software-Developer/1366577033/
successfactors:nedbank:1415187633,nedbank,Nedbank,2026-08-08 19:57:22.760851+00:00,2026-08-10 21:02:12.544526+00:00,Nedbank,Title: Cloud Engineer: Database Services,Johannesburg,Gauteng,hybrid,likely_mid_level,3,10,description: 8-10 Years | description: 6+ Years | description: 3+ Years,https://jobs.nedbank.co.za/job/Johannesburg-Cloud-Engineer-Database-Services/1415187633/
successfactors:nedbank:1408566533,nedbank,Nedbank,2026-08-08 19:57:22.760851+00:00,2026-08-20 20:46:43.941771+00:00,Nedbank,Title: Data Engineer,Johannesburg,Gauteng,unspecified,likely_mid_level,3,6,description: 3 - 6 years,https://jobs.nedbank.co.za/job/Johannesburg-Data-Engineer/1408566533/
successfactors:nedbank:1427460533,nedbank,Nedbank,2026-08-18 20:41:30.049594+00:00,2026-08-20 20:46:43.941771+00:00,Nedbank,Title: ML Engineer,Johannesburg,Gauteng,hybrid,likely_mid_level,3,7,description: 3-7 years,https://jobs.nedbank.co.za/job/Johannesburg-ML-Engineer/1427460533/
successfactors:nedbank:1408728033,nedbank,Nedbank,2026-08-08 19:57:22.760851+00:00,2026-08-20 20:46:43.941771+00:00,Nedbank,Title: Software Developer,Johannesburg,Gauteng,unspecified,likely_mid_level,3,,description: Min 3 years,https://jobs.nedbank.co.za/job/Johannesburg-Software-Developer/1408728033/
successfactors:nedbank:1410424233,nedbank,Nedbank,2026-08-08 19:57:22.760851+00:00,2026-08-20 20:46:43.941771+00:00,Nedbank,Title: Software Developer,Johannesburg,Gauteng,unspecified,likely_mid_level,3,,description: Min 3 years,https://jobs.nedbank.co.za/job/Johannesburg-Software-Developer/1410424233/
successfactors:nedbank:1423254233,nedbank,Nedbank,2026-08-08 19:57:22.760851+00:00,2026-08-12 21:03:08.242850+00:00,Nedbank,Title: Software Developer II,Johannesburg,Gauteng,unspecified,likely_mid_level,3,,title: Developer II | description: Min 3 years,https://jobs.nedbank.co.za/job/Johannesburg-Software-Developer-II/1423254233/
successfactors:nedbank:1428252033,nedbank,Nedbank,2026-08-20 13:11:28.462967+00:00,2026-08-20 20:46:43.941771+00:00,Nedbank,Title: Software Developer II,Johannesburg,Gauteng,unspecified,likely_mid_level,3,,title: Developer II | description: Minimum 3 years,https://jobs.nedbank.co.za/job/Johannesburg-Software-Developer-II/1428252033/
greenhouse:takealotgroup:7981943,takealot-group,Takealot Group,2026-08-08 19:57:22.760851+00:00,2026-08-11 05:29:32.185782+00:00,Takealot Group,BI Engineer: Takealot Group,Cape Town,Western Cape,hybrid,likely_mid_level,3,,description: minimum of 5 years | description: minimum of 8 years | description: Minimum 3 years,https://job-boards.greenhouse.io/takealotgroup/jobs/7981943
greenhouse:takealotgroup:8129968,takealot-group,Takealot Group,2026-08-18 13:08:17.943367+00:00,2026-08-20 20:46:43.941771+00:00,Takealot Group,DC Industrial Systems Engineer,Durban,KwaZulu-Natal,on_site,likely_mid_level,3,,description: Minimum 3 years,https://job-boards.greenhouse.io/takealotgroup/jobs/8129968
greenhouse:takealotgroup:5865553,takealot-group,Takealot Group,2026-08-08 19:57:22.760851+00:00,2026-08-20 20:46:43.941771+00:00,Takealot Group,Software Engineer (Python),,,remote,likely_mid_level,3,10,description: 3 to 6 years | description: 5 to 10 years,https://job-boards.greenhouse.io/takealotgroup/jobs/5865553
greenhouse:takealotgroup:7682153,takealot-group,Takealot Group,2026-08-14 13:43:24.336749+00:00,2026-08-20 20:46:43.941771+00:00,Takealot Group,Web Frontend Engineer,Cape Town,Western Cape,remote,likely_mid_level,3,4,description: 3-4 years,https://job-boards.greenhouse.io/takealotgroup/jobs/7682153
lever:Yassir:9ca82566-8bac-471e-9545-baa8ef759d1f,yassir,Yassir,2026-08-08 19:57:22.760851+00:00,2026-08-20 20:46:43.941771+00:00,Yassir,Data Scientist (Personalization),Cape Town,Western Cape,hybrid,likely_mid_level,3,,description: at least 3 years,https://jobs.lever.co/Yassir/9ca82566-8bac-471e-9545-baa8ef759d1f/apply
successfactors:discovery:1426415533,discovery,Discovery,2026-08-18 13:08:17.943367+00:00,2026-08-20 20:46:43.941771+00:00,Discovery,Security DevOps Specialist,Johannesburg,Gauteng,unspecified,likely_senior,5,,title: Specialist | description: 5+ years,https://careers.discovery.co.za/job/Sandton-1-Discovery-Place-Security-DevOps-Specialist-GP-2196/1426415533/
successfactors:discovery:1427942933,discovery,Discovery,2026-08-19 20:46:11.709130+00:00,2026-08-20 20:46:43.941771+00:00,Discovery,Security DevOps Specialist,Johannesburg,Gauteng,unspecified,likely_senior,5,,title: Specialist | description: 5+ years,https://careers.discovery.co.za/job/Sandton-1-Discovery-Place-Security-DevOps-Specialist-GP-2196/1427942933/
successfactors:discovery:1427943233,discovery,Discovery,2026-08-19 20:46:11.709130+00:00,2026-08-20 20:46:43.941771+00:00,Discovery,Security DevOps Specialist,Johannesburg,Gauteng,unspecified,likely_senior,5,,title: Specialist | description: 5+ years,https://careers.discovery.co.za/job/Sandton-1-Discovery-Place-Security-DevOps-Specialist-GP-2196/1427943233/
greenhouse:impact:8463934002,impact-com,impact.com,2026-08-08 19:57:22.760851+00:00,2026-08-20 20:46:43.941771+00:00,Impact.com,Technical Services Engineer III,Cape Town,Western Cape,unspecified,likely_senior,,,title: Engineer III,https://job-boards.greenhouse.io/impact/jobs/8463934002
successfactors:nedbank:1423492833,nedbank,Nedbank,2026-08-08 19:57:22.760851+00:00,2026-08-14 20:45:41.085268+00:00,Nedbank,Title: BI Data Analyst II,Johannesburg,Gauteng,unspecified,likely_senior,5,7,title: Analyst II | description: 5-7 years,https://jobs.nedbank.co.za/job/Johannesburg-BI-Data-Analyst-II/1423492833/
successfactors:nedbank:1289278501,nedbank,Nedbank,2026-08-08 19:57:22.760851+00:00,2026-08-20 20:46:43.941771+00:00,Nedbank,Title: Front Arena Developer,Johannesburg,Gauteng,unspecified,likely_senior,5,,description: Min 5 years,https://jobs.nedbank.co.za/job/Johannesburg-Front-Arena-Developer/1289278501/
greenhouse:takealotgroup:6068367,takealot-group,Takealot Group,2026-08-08 19:57:22.760851+00:00,2026-08-20 20:46:43.941771+00:00,Takealot Group,Python Software Engineer,Cape Town,Western Cape,hybrid,likely_senior,5,,description: 5+ years,https://job-boards.greenhouse.io/takealotgroup/jobs/6068367
greenhouse:takealotgroup:8050509,takealot-group,Takealot Group,2026-08-08 19:57:22.760851+00:00,2026-08-20 20:46:43.941771+00:00,Takealot Group,Search Software Engineer,,,remote,likely_senior,5,10,description: 5 to 10 years,https://job-boards.greenhouse.io/takealotgroup/jobs/8050509
greenhouse:takealotgroup:5853989,takealot-group,Takealot Group,2026-08-08 19:57:22.760851+00:00,2026-08-20 20:46:43.941771+00:00,Takealot Group,Software Engineer (Scala),,,hybrid,likely_senior,5,,description: At least 5 years,https://job-boards.greenhouse.io/takealotgroup/jobs/5853989
